Date,Name,Year,Letterboxd URI
2025-10-03,Interstellar,2014,https://boxd.it/4VZ8
2025-10-03,Fight Club,1999,https://boxd.it/2a9q
2025-10-03,Theater Camp,2023,https://boxd.it/Bfbm
2025-10-03,I Used to Be Funny,2023,https://boxd.it/yzvU
2025-10-07,The Girl Next Door,2004,https://boxd.it/1VSq
2025-10-18,Interview with the Vampire,1994,https://boxd.it/29XO
2025-10-25,Fantastic Mr. Fox,2009,https://boxd.it/1WyQ
2025-11-05,Dan in Real Life,2007,https://boxd.it/218y
2025-11-05,Four Weddings and a Funeral,1994,https://boxd.it/29KA
2025-11-06,The Truman Show,1998,https://boxd.it/18U8
2025-11-06,Spree,2020,https://boxd.it/oiiO
2025-11-09,Slap Her... She's French,2002,https://boxd.it/1yAS
2025-11-14,"Crazy, Stupid, Love.",2011,https://boxd.it/D9A
2025-11-15,Uncut Gems,2019,https://boxd.it/gXGc
2025-11-17,Maurice,1987,https://boxd.it/1tZy
2025-11-17,Wolfwalkers,2020,https://boxd.it/fGrC
2025-11-17,"Planes, Trains and Automobiles",1987,https://boxd.it/26zE
2025-11-17,"Girl, Interrupted",1999,https://boxd.it/25ds
2025-11-17,Bram Stoker's Dracula,1992,https://boxd.it/223a
2025-11-17,Reality Bites,1994,https://boxd.it/26iI
2025-11-17,Breakfast at Tiffany's,1961,https://boxd.it/2aYS
2025-12-05,Bridget Jones's Diary,2001,https://boxd.it/29WQ
2026-01-01,TÁR,2022,https://boxd.it/uNIA
2026-01-02,10DANCE,2025,https://boxd.it/RQtu
2026-01-03,The Virgin Suicides,1999,https://boxd.it/28JG
2026-01-05,Charlie's Angels,2019,https://boxd.it/gogo
2026-01-11,Queer,2024,https://boxd.it/E4RW
2026-01-11,Marty Supreme,2025,https://boxd.it/Off0
2026-01-11,Did You Hear About the Morgans?,2009,https://boxd.it/1xEY
2026-01-20,We Live in Time,2024,https://boxd.it/FC5u
2026-01-20,Hamnet,2025,https://boxd.it/woVy
2026-01-20,Me Before You,2016,https://boxd.it/9n98
2026-01-20,“Wuthering Heights”,2026,https://boxd.it/OdIa
2026-01-20,The Drama,2026,https://boxd.it/OA2w
2026-01-20,Booksmart,2019,https://boxd.it/igNS
2026-01-20,Killers of the Flower Moon,2023,https://boxd.it/gHp0
2026-01-20,Okja,2017,https://boxd.it/dvXe
2026-01-20,Eddington,2025,https://boxd.it/o6MC
2026-01-20,Erin Brockovich,2000,https://boxd.it/2al2
2026-01-21,Whiplash,2014,https://boxd.it/7bQA
2026-01-21,Eternity,2025,https://boxd.it/LYtK
2026-01-22,The History of Sound,2025,https://boxd.it/xFY2
2026-01-22,The Moment,2026,https://boxd.it/SCkg
2026-01-23,Sentimental Value,2025,https://boxd.it/GwcG
2026-01-23,F1,2025,https://boxd.it/yjVM
2026-01-23,The Secret Agent,2025,https://boxd.it/KkUE
2026-01-24,100 Nights of Hero,2025,https://boxd.it/QbtG
2026-01-25,Panic Room,2002,https://boxd.it/2490
2026-01-26,Dracula,2025,https://boxd.it/Lng0
2026-01-26,The Beguiled,2017,https://boxd.it/dZ1k
2026-01-26,Drop Dead Gorgeous,1999,https://boxd.it/1W8e
2026-01-26,Holland,2025,https://boxd.it/7Axy
2026-01-26,The Perks of Being a Wallflower,2012,https://boxd.it/2ZA8
2026-01-26,The Favourite,2018,https://boxd.it/d2hI
2026-01-27,The Gallerist,2026,https://boxd.it/R6Xe
2026-01-27,I Want Your Sex,2026,https://boxd.it/N8by
2026-01-27,The Handmaiden,2016,https://boxd.it/948A
2026-01-27,Black Swan,2010,https://boxd.it/Sw0
2026-01-27,Only Lovers Left Alive,2013,https://boxd.it/4O1U
2026-01-27,Am I OK?,2022,https://boxd.it/nPqY
2026-01-27,Ingrid Goes West,2017,https://boxd.it/evUQ
2026-01-27,Marcel the Shell with Shoes On,2021,https://boxd.it/wMAk
2026-01-27,The Lighthouse,2019,https://boxd.it/icFU
2026-01-27,Only You,1994,https://boxd.it/1ZgU
2026-01-28,D.E.B.S.,2004,https://boxd.it/2aaS
2026-01-28,Clementine,2019,https://boxd.it/lzJw
2026-01-28,Imagine Me & You,2005,https://boxd.it/28E2
2026-01-28,Chestnut,2023,https://boxd.it/xgzw
2026-01-28,Happy-Go-Lucky,2008,https://boxd.it/1W68
2026-01-28,Rye Lane,2023,https://boxd.it/DIyy
2026-01-28,The First Time,2012,https://boxd.it/2XLS
2026-01-28,Taxi Driver,1976,https://boxd.it/2b8y
2026-01-28,Midnight in Paris,2011,https://boxd.it/i4a
2026-01-29,No Other Choice,2025,https://boxd.it/nKiA
2026-01-29,Fargo,1996,https://boxd.it/2aHM
2026-01-29,BlacKkKlansman,2018,https://boxd.it/hxL8
2026-01-29,Green Book,2018,https://boxd.it/hErk
2026-01-29,Girlfriends,1978,https://boxd.it/3JYU
2026-01-29,CODA,2021,https://boxd.it/tbf4
2026-01-29,The Shape of Water,2017,https://boxd.it/dZ5m
2026-01-29,Good Time,2017,https://boxd.it/fcFu
2026-01-30,Multiplicity,1996,https://boxd.it/1Z16
2026-01-30,Seven Veils,2023,https://boxd.it/EZHO
2026-01-30,Crimson Peak,2015,https://boxd.it/62Ty
2026-01-30,The Holdovers,2023,https://boxd.it/vHza
2026-01-30,Spoiler Alert,2022,https://boxd.it/imKU
2026-01-31,Catch Me If You Can,2002,https://boxd.it/29VS
2026-02-01,This Is My Life,1992,https://boxd.it/YyG
